Datetime,Water Level (m)
2025-11-07 00:00:00,0.33091936
2025-11-07 01:00:00,0.22373126
2025-11-07 02:00:00,0.123990685
2025-11-07 03:00:00,0.029882967
2025-11-07 04:00:00,-0.05162486
2025-11-07 05:00:00,-0.088590965
2025-11-07 06:00:00,0.01605338
2025-11-07 07:00:00,0.15619797
2025-11-07 08:00:00,0.37705842
2025-11-07 09:00:00,0.47871402
2025-11-07 10:00:00,0.47221607
2025-11-07 11:00:00,0.37758058
2025-11-07 12:00:00,0.2747598
2025-11-07 13:00:00,0.1755205
2025-11-07 14:00:00,0.07702942
2025-11-07 15:00:00,-0.008229135
2025-11-07 16:00:00,-0.08711226
2025-11-07 17:00:00,-0.122386254
2025-11-07 18:00:00,-0.0054133683
2025-11-07 19:00:00,0.1489101
2025-11-07 20:00:00,0.40072784
2025-11-07 21:00:00,0.5450502
2025-11-07 22:00:00,0.626706
2025-11-07 23:00:00,0.5862435
2025-11-08 00:00:00,0.4822582
2025-11-08 01:00:00,0.37232992
2025-11-08 02:00:00,0.26720685
2025-11-08 03:00:00,0.1651826
2025-11-08 04:00:00,0.0645465
2025-11-08 05:00:00,-0.008014113
2025-11-08 06:00:00,-0.027103065
2025-11-08 07:00:00,0.0865183
2025-11-08 08:00:00,0.24082144
2025-11-08 09:00:00,0.41325578
2025-11-08 10:00:00,0.4794749
2025-11-08 11:00:00,0.42248186
2025-11-08 12:00:00,0.33659154
2025-11-08 13:00:00,0.2378795
2025-11-08 14:00:00,0.14500682
2025-11-08 15:00:00,0.0514131
2025-11-08 16:00:00,-0.025023112
2025-11-08 17:00:00,-0.09814635
2025-11-08 18:00:00,-0.095982976
2025-11-08 19:00:00,0.0389867
2025-11-08 20:00:00,0.20710576
2025-11-08 21:00:00,0.43631855
2025-11-08 22:00:00,0.5567898
2025-11-08 23:00:00,0.60497767
2025-11-09 00:00:00,0.5330146
2025-11-09 01:00:00,0.433256
2025-11-09 02:00:00,0.3264496
2025-11-09 03:00:00,0.22836427
2025-11-09 04:00:00,0.131989
2025-11-09 05:00:00,0.04100738
2025-11-09 06:00:00,-0.016135339
2025-11-09 07:00:00,-0.005454504
2025-11-09 08:00:00,0.11345218
2025-11-09 09:00:00,0.25001553
2025-11-09 10:00:00,0.34050617
2025-11-09 11:00:00,0.38967443
2025-11-09 12:00:00,0.35634118
2025-11-09 13:00:00,0.26802805
2025-11-09 14:00:00,0.18130939
2025-11-09 15:00:00,0.09750288
2025-11-09 16:00:00,0.016981691
2025-11-09 17:00:00,-0.055620965
2025-11-09 18:00:00,-0.10614822
2025-11-09 19:00:00,-0.054726638
2025-11-09 20:00:00,0.08228975
2025-11-09 21:00:00,0.25952554
2025-11-09 22:00:00,0.44759533
2025-11-09 23:00:00,0.54541713
2025-11-10 00:00:00,0.5571364
2025-11-10 01:00:00,0.48738134
2025-11-10 02:00:00,0.389804
2025-11-10 03:00:00,0.29276374
2025-11-10 04:00:00,0.20099542
2025-11-10 05:00:00,0.11216071
2025-11-10 06:00:00,0.038559567
2025-11-10 07:00:00,-0.013001572
2025-11-10 08:00:00,0.013568627
2025-11-10 09:00:00,0.11962669
2025-11-10 10:00:00,0.2419427
2025-11-10 11:00:00,0.32013348
2025-11-10 12:00:00,0.35640356
2025-11-10 13:00:00,0.32364592
2025-11-10 14:00:00,0.24129581
2025-11-10 15:00:00,0.16254228
2025-11-10 16:00:00,0.084841676
2025-11-10 17:00:00,0.016434377
2025-11-10 18:00:00,-0.04610959
2025-11-10 19:00:00,-0.07649213
2025-11-10 20:00:00,-0.0076990086
2025-11-10 21:00:00,0.1121625
2025-11-10 22:00:00,0.24915448
2025-11-10 23:00:00,0.43029454
2025-11-11 00:00:00,0.5042212
2025-11-11 01:00:00,0.48140225
2025-11-11 02:00:00,0.43196732
2025-11-11 03:00:00,0.3365597
2025-11-11 04:00:00,0.24978596
2025-11-11 05:00:00,0.16704124
2025-11-11 06:00:00,0.08514365
2025-11-11 07:00:00,0.022455106
2025-11-11 08:00:00,-0.014365096
2025-11-11 09:00:00,0.01191943
2025-11-11 10:00:00,0.0994982
2025-11-11 11:00:00,0.20596378
2025-11-11 12:00:00,0.27944106
2025-11-11 13:00:00,0.30909657
2025-11-11 14:00:00,0.29220706
2025-11-11 15:00:00,0.22088006
2025-11-11 16:00:00,0.1495403
2025-11-11 17:00:00,0.0805143
2025-11-11 18:00:00,0.017182883
2025-11-11 19:00:00,-0.032405097
2025-11-11 20:00:00,-0.048433393
2025-11-11 21:00:00,0.01639622
2025-11-11 22:00:00,0.117653586
2025-11-11 23:00:00,0.21694477
2025-11-12 00:00:00,0.30812326
2025-11-12 01:00:00,0.37851804
2025-11-12 02:00:00,0.40309337
2025-11-12 03:00:00,0.35864505
2025-11-12 04:00:00,0.27985966
2025-11-12 05:00:00,0.20610802
2025-11-12 06:00:00,0.13085005
2025-11-12 07:00:00,0.056453977
2025-11-12 08:00:00,0.0034506507
2025-11-12 09:00:00,-0.035523146
2025-11-12 10:00:00,-0.017844187
2025-11-12 11:00:00,0.05453507
2025-11-12 12:00:00,0.13636841
2025-11-12 13:00:00,0.21039593
2025-11-12 14:00:00,0.26289064
2025-11-12 15:00:00,0.27598438
2025-11-12 16:00:00,0.23012288
2025-11-12 17:00:00,0.16284716
2025-11-12 18:00:00,0.10065233
2025-11-12 19:00:00,0.041135658
2025-11-12 20:00:00,-0.003279955
2025-11-12 21:00:00,-0.024463184
2025-11-12 22:00:00,0.0104163075
2025-11-12 23:00:00,0.099070415
2025-11-13 00:00:00,0.19122325
